,address,lat,lon
1,"3F ENERPRO BLG 1181 LEVERIZA ST COR PRES QUIRINO MALATE, MANILA",14.61347,120.963034
2,2F HARBOR CTR II RAILROAD & CH ICAGO STS PORT AREA ,14.590555,120.965992
3,"2FHARBOR CTR II RAILROAD SOUTH HARBOR PORT AREA PORT AREA, MANILA",14.590555,120.965992
4,2F HARBOR CTR II RAILROAD & CHICAGO SOUTH HARBOR MANILA,14.590555,120.965992
5,2F HARBOR CTR II RAIL ROAD ST CHICAGO ST PORT AREA MANILA,14.591022,120.966486
6,"RMS 301, 301-A & STOCKROOM 1, MMS BACOOR BLDG, OLD BACOOR CITY, CAVITE",14.427602,120.966749
7,"RMS 304, 304-A & STOCKROOM 3, 3/F, MMS BACOOR BLDG BACOOR CITY, CAVITE",14.427602,120.966749
8,"3F CHAMP BLG BONIFACIO DRIVE PORT AREA, MANILA",14.591072,120.970173
9,"RM 310, 3/F, EAST WING, VELCO CENTRE, R. OCA COR A PORT AREA, MANILA",14.586413,120.970797
10,"UPL BLDG STA CLARA ST INTRAMUROS, MANILA",14.592322,120.971696
11,"G/F PLAZA SANTIAGO BLDG STA CLARA ST MANILA INTRAMUROS, MANILA",14.592285,120.971727
12,"290 CASA ROCHA BLDG 290-292 GEN LUNA STREET INTRAMUROS, MANILA",14.592565,120.972463
13,"5/F, DELGADO BLG, 637 BONIFACIO DRIVE,SOUTH HARBOR PORT AREA, MANILA",14.587321,120.972572
14,"EASTERN SHIPPING LINES BUILDING ANDA CIRCLE PORT AREA, MANILA",14.58736,120.972862
15,"2/F MARY BACHRACH BLDG 25TH ST COR A C DELGADO ST PORT AREA, MANILA",14.584651,120.973528
16,"2/F, MARY BACHRACH BDG, 25TH ST COR A. C. DELGADO  PORT AREA, MANILA",14.584651,120.973528
17,"RMS 303, 303-A, 303-B AND STOCKROOM 2, MMS BACOOR  BACOOR CITY, CAVITE",14.412993,120.973679
18,"G/F & 2/F CITADEL BLDG 637 BONIFACIO DRIVE PORT AREA, MANILA",14.585024,120.973852
19,"RM 303 UNIT F, ECJ BLDG, REAL COR STA. LUCIA STS INTRAMUROS, MANILA",14.588987,120.973919
20,"ROOM 302 D ECJ BUILDING REAL STREET INTRAMUROS, MANILA",14.588988,120.973935
21,"GF,2F &3F, PALACIO GRANDE, GEN LUNA COR ANDA INTRAMUROS, MANILA",14.590493,120.974026
22,2F DELGADO BLDG #637 BONIFACIO DRIVE PORT AREA MANILA,14.585009,120.974029
23,3F DELGADO BLDG. 637 BONIFACIO DRIVE PORT AREA MANILA,14.585009,120.974029
24,"3F DELGADO BLDG BONIFACIO DRIVE MANILA PORT AREA, MANILA",14.585009,120.974029
25,"RM 411, BF CONDOMINIUM BLG, A SORIANO AVE COR SOLA INTRAMUROS, MANILA",14.593345,120.974103
26,"G/F MAR BACHRACH BLDG 25TH ST PORT AREA, MANILA",14.584608,120.974119
27,"GF VILLA BLANCA ANNEX BLDG CABILDO COR BEATERIO ST INTRAMUROS, MANILA",14.591283,120.974195
28,"VILLA BLANCA BLDG, CABILDO COR BEATERIO STREETS INTRAMUROS, MANILA",14.591304,120.974205
29,"GEN LUNA COR STA POTENCIANA ST INTRAMUROS MANILA INTRAMUROS, MANILA",14.592185,120.974724
30,"U3301-3307(33F) & U3401-3407(34F) WORLD TRADE EXCH BINONDO, MANILA",14.597383,120.974869
31,"G/F CASA MARITIMA 651 GEN. LUNA ST INTRAMUROS, MANILA",14.588905,120.975311
32,"G/F CASA MARITIMA 651 GEN LUNA ST INTRAMUROS, MANILA",14.588905,120.975311
33,"WALLEM PHILS BLDG LEGASPI COR BEATERIO INTRAMUROS, MANILA",14.592835,120.97578
34,"4/F WALLEM PHILS BLDG BEATERIO LEGASPI INTRAMUROS, MANILA",14.592835,120.97578
35,"S-502 BEL AIR APT 1020 ROXAS BLVD ERMITA, MANILA",14.57948,120.977879
36,"U204 BEL-AIR APT., 1020 ROXAS BLVD MANILA",14.57948,120.977879
37,"S601 & 603 BEL-AIR APT. 1020 ROXAS BLVD. ERMITA, MANILA",14.57948,120.977879
38,"RM 103 BEL-AIR APT BLG,1020 ROXAS BLVD ERMITA, MANILA",14.57948,120.977879
39,"25 MA ASUNCION SPIRIG ST BF RESORT VILL LAS PINAS PAMPLONA, LAS PI?AS",14.439771,120.977883
40,"3/F VICTORIA BLDG 429 UN AVE ERMITA, MANILA",14.579447,120.978648
41,"CREWCARE BLDG, 415 U.N. AVENUE COR ALHAMBRA ST ERMITA, MANILA",14.579321,120.978784
42,"RMS 504 505 506 & 507 VIP BLDG ROXAS BLVD ERMITA, MANILA",14.578018,120.978915
43,"RMS 204,205,206 & 208, VIP BLDG, ROXAS BLVD COR NU ERMITA, MANILA",14.578018,120.978915
44,"S502 5/F MA NATIVIDAD BDG 470 TM KALAW COR CORTADA ERMITA, MANILA",14.58012,120.979171
45,"SUITE 901, 9F, MA NATIVIDAD BLDG, 470 T M KALAW CO ERMITA, MANILA",14.580564,120.979196
46,"SUITE 1101, 11/F, MA. NATIVIDAD BLDG, 470 T.M. KAL ERMITA, MANILA",14.58051,120.979249
47,"S601 MA NATIVIDAD BLG 470 TM KALAW COR CORTADA ST ERMITA, MANILA",14.58051,120.979249
48,"12F MA. NATIVIDAD BLG, 470 TM KALAW COR CORTADA ST ERMITA, MANILA",14.58051,120.979249
49,"SUITE 1001, 10/F, MA. NATIVIDAD BLDG, 470 T.M. KAL ERMITA, MANILA",14.58051,120.979249
50,"4/F, FERGUSON TOWER BLG, 1125 M H DEL PILAR ST ERMITA, MANILA",14.578959,120.979319
51,"R702&704,7F S&L BLG.1500 ROXAS BLVD., ERMITA, MANILA",14.577944,120.979334
52,"RMS 406 &410, 1ST UNITED BLG. CORP, 413 ESCOLTA ST BINONDO, MANILA",14.598828,120.979342
53,"7/F FERGUSON PARK TOWER MH DEL PILAR COR. A FLORES ERMITA, MANILA",14.578927,120.979509
54,"RM 302, 3F, TRAVELLERS LIFE BLG, 490 T M KALAW ST ERMITA, MANILA",14.580754,120.97957
55,"UNITS 703-713 DE LEON CENTER MH DEL PILAR ST., ERMITA, MANILA",14.578381,120.979577
56,"U4 11/F PEARL OF THE ORIENT TWR 1318 RXS BLVD ERMITA, MANILA",14.577013,120.979626
57,"U-802&803,PEARL OF THE ORIENT TWR,1240 ROXAS BLVD ERMITA, MANILA",14.577013,120.979626
58,"UNITS 908 & 33E, PEARL OF THE ORIENT TWR, 1240 RO ERMITA, MANILA",14.577013,120.979626
59,"15F,DE LEON CTR,1151 MH DEL PILAR COR N.S.DE GUIA ERMITA, MANILA",14.5786,120.97969
60,"RM301&302 GLC BLDG 492 T M KALAW ST MANILA ERMITA, MANILA",14.580785,120.979725
61,"R401,402 403&404 GLC BLG, TM KALAW COR A MABINI ERMITA, MANILA",14.58072,120.979736
62,"12F, DE LEON CTR BLG, 1151 MH DEL PILAR COR NUESTR ERMITA, MANILA",14.578489,120.979737
63,"*S9,4F ROYAL BAY TERRACE COND., UN AVENUE ERMITA, MANILA",14.580052,120.979763
64,RM.217 MANUFACTURERS BLDG STA CRUZ MANILA,14.600047,120.979902
65,"6F & 7F MARITIME PLAZA BLG A FLORES COR CORTADA ST ERMITA, MANILA",14.579106,120.980094
66,"4F & 5F, MARITIME PLAZA BLG, A FLORES COR CORTADA ERMITA, MANILA",14.579106,120.980094
67,"S1402-1402A PENTHOUSE, ERMITA CTR BLG 1350 R BLVD ERMITA, MANILA",14.575601,120.980107
68,"S312, 313 AND S1200, ERMITA CTR BLDG, 1350 ROXAS B ERMITA, MANILA",14.575531,120.980141
69,"S311, 3F ERMITA CENTER BLDG 1350 ROXAS BLVD ERMITA, MANILA",14.575527,120.980196
70,"S858A ERMITA CTR BLG #1350 ROXAS BLVD ERMITA, MANILA",14.575527,120.980196
71,"S 600,601 & 608 ERMITA CTR BLDG 1350 ROXAS BLVD ERMITA, MANILA",14.575557,120.980319
72,"S1001&1003A ERMITA CTR BLG, 1350 ROXAS BLVD ERMITA, MANILA",14.575557,120.980319
73,"S1208 ERMITA CTR BLDG 1350 ROXAS BLVD MANILA ERMITA, MANILA",14.575557,120.980319
74,"SUITE 200 A&B ERMITA CTR BLDG ROXAS BLVD ERMITA, MANILA",14.575736,120.980343
75,"SUITE 1202, 12/F, ERMITA CTR BLG, 1350 ROXAS BLVD ERMITA, MANILA",14.575309,120.980362
76,"SUITE 1202-B 12/F ERMITA CTR BLDG 1350 ROXAS BLVD ERMITA, MANILA",14.575309,120.980362
77,"S 601-A, 605-607 ERMITA CTR BLDG 1350 ROXAS BLVD ERMITA, MANILA",14.575591,120.980372
78,"S900,904,907-8&910A ERMITA CTR 1350 ROXAS BLVD ERMITA, MANILA",14.575591,120.980372
79,"S1405 & 1406, ERMITA CENTER BLDG 1350 ROXAS BLVD ERMITA, MANILA",14.575591,120.980372
80,"S500-510A ERMITA CTR 1350 ROXAS BLVD ERMITA, MANILA",14.575591,120.980372
81,"SUITE 910 ERMITA CTR BLDG 1350 ROXAS BLVD ERMITA, MANILA",14.575591,120.980372
82,"ROOM 100 G/F, SAN LUIS TERRACES 638 T M KALAW AVE ERMITA, MANILA",14.581175,120.980426
83,"RM. 601, 6/F, SAN LUIS TERRACES, 638 T.M. KALAW ST ERMITA, MANILA",14.581175,120.980426
84,"SUITE B, 12F, G.E. ANTONINO BLG, TM KALAW COR J.B ERMITA, MANILA",14.581191,120.980495
85,"8/F (WEST SIDE), G.E. ANTONINO BLDG, T.M. KALAW CO ERMITA, MANILA",14.581191,120.980495
86,"16F, G.E. ANTONINO BLDG, T.M. KALAW ST ERMITA, MANILA",14.581191,120.980495
87,"S-E, 12/F G.E. ANTONINO BDG TM KALAW COR J BOCOBO ERMITA, MANILA",14.581191,120.980495
88,"MAGSAYSAY BLDG & GF&2F GE ANTONINO BLDG KALAW ST ERMITA, MANILA",14.581191,120.980495
89,"SUITE D,5F, G.E.ANTONINO BLG,TM KALAW COR J BOCOBO ERMITA, MANILA",14.581191,120.980495
90,"STE B 7/F GE ANTONINO BLDG, TM KALAW ST, ERMITA MANILA",14.581191,120.980495
91,"15/F, G.E. ANTONINO BLG, TM KALAW COR BOCOBO STS ERMITA, MANILA",14.581191,120.980495
92,"SUITE C,11F, G.E. ANTONINO BLG, J BOCOBO COR T M K ERMITA, MANILA",14.581191,120.980495
93,"S-E,6F, G.E. ANTONINO BLG, TM KALAW COR. J BOCOBO ERMITA, MANILA",14.581191,120.980495
94,"16/F, G.E. ANTONINO BLG, T.M. KALAW STREET ERMITA, MANILA",14.581191,120.980495
95,"SUITE A, 11/F, G.E. ANTONINO BLDG, T.M. KALAW ST C ERMITA, MANILA",14.581279,120.980497
96,"SUITE E, 11/F G.E. ANTONIO BLG, TM KALAW STREET ERMITA, MANILA",14.581063,120.980552
97,"RMS 202 & 207, 2/F, S & L BLDG, 1500 ROXAS BLVD ERMITA, MANILA",14.574252,120.980955
98,"RMS. 102, 103 & 104, GF S&L BLDG 1500 ROXAS BLVD. ERMITA, MANILA",14.574252,120.980955
99,"RMS 507 & 300 S & L BLDG 1500 ROXAS BLVD ERMITA, MANILA",14.574252,120.980955
100,"RM 311 3F, S&L BLDG, 1500 ROXAS BLVD. ERMITA, MANILA",14.574252,120.980955
101,"5F & 6F MAGSAYSAY BLDG 520 TM KALAW ST ERMITA, MANILA",14.581199,120.981022
102,"7/F (PORTION), MAGSAYSAY BLDG, 520 T.M. KALAW STRE ERMITA, MANILA",14.581199,120.981022
103,"ROOM 303 & 304 TRAVELLERS LIFE BLG 490 TM KALAW ST ERMITA, MANILA",14.581967,120.981087
104,"2F TRAVELLERS LIFE BLDG. 490 TM KALAW ST. ERMITA, MANILA",14.581967,120.981087
105,"G/F & RMS 304-305 TM KALAW CTR 667 TM KALAW ST ERMITA, MANILA",14.581158,120.981151
106,"OFFICE 17 GF TWO-E COM CTR (TOWER B), BAYSHORE AVE PASAY CITY",14.539839,120.98138
107,"U401 U N SQUARE BLG COR J BOCOBO ST ERMITA, MANILA",14.580365,120.981381
108,"9/F, ONE E-COM CTR BLDG, OCEAN DRIVE COR SUNSET AV PASAY CITY",14.5377,120.981631
109,"UNIT 3-B/C,3F, 1377 A MABINI COR STA MONICA STS ERMITA, MANILA",14.576211,120.981716
110,"UNIT 3A, 3/F, 1377 A. MABINI STREET ERMITA, MANILA",14.576211,120.981716
111,"R103 (RW) TRINITY BLDG, 636 TM KALAW ST ERMITA, MANILA",14.581918,120.981848
112,"R103 (LW) TRINITY BLDG, 636 TM KALAW ST ERMITA, MANILA",14.581918,120.981848
113,"R505, 5F MRS BLDG #1431 A MABINI ST ERMITA, MANILA",14.575789,120.981919
114,UNIT 103- H FIVE E-COM CTR BLDG HARBOR DRIVE MOA PASAY CITY,14.53959,120.982064
115,"GF, 2F,4F & 8F OSM BLDG 479 PEDRO GIL ST ERMITA, MANILA",14.573844,120.982403
116,"16/FL RAMON MAGSAYSAY CTR 1680 ROXAS BLVD ERMITA, MANILA",14.571927,120.982424
117,"6TH FLR-D, RAMON MAGSAYSAY CTR, 1680 ROXAS BLVD MALATE, MANILA",14.571927,120.982424
118,"SECTION F, 17/F, RAMON MAGSAYSAY CENTER, 1680 ROXA MALATE, MANILA",14.571927,120.982424
119,"UNITS B & F, 5F, RAMON MAGSAYSAY CTR BLDG, 1680 RO MALATE, MANILA",14.571927,120.982424
120,"5/F-D, RAMON MAGSAYSAY CENTRE, ROXAS BLVD. ERMITA, MANILA",14.571927,120.982424
121,"SECTIONS A-E, 17/F, RAMON MAGSAYSAY CTR., 1680 RO MALATE, MANILA",14.571927,120.982424
122,"SECTIONS B/C, 18/F, RAMON MAGSAYSAY CTR 1680 ROXAS MALATE, MANILA",14.571928,120.98243
123,"604H-605H, FIVE E-COM CTR, PACIFIC DR, MOA COMPLEX PASAY CITY",14.539335,120.982435
124,"UNITS 1001-1016 (10F) & 1101-1116 (11F), DE LEON C ERMITA, MANILA",14.586074,120.982515
125,"S 24,25 & 32 (GF) AND 38-B (2F), MIDLAND PLAZA CON ERMITA, MANILA",14.576949,120.982545
126,"UNITS 501-503, T M KALAW CTR BLDG, 667 TM KALAW ERMITA, MANILA",14.582553,120.982798
127,"2F(RW) TM KALAW CENTER 667-A TM KALAW AVE ERMITA, MANILA",14.582467,120.982837
128,"R-207 & 208, 2F, T.M. KALAW CTR, 667-A T.M. KALAW ERMITA, MANILA",14.582467,120.982837
129,"5F,FIVE E-COM CTR, HARBOR DR, MALL OF ASIA COMPLEX PASAY CITY",14.5395,120.982876
130,"UNITS 801-816 & 8A, 8/F,DE LEON CTR,1151 M.H. DEL  ERMITA, MANILA",14.582013,120.982885
131,"UNITS 801-816 & 8A, 8/F,DE LEON CTR,1151 M.H. DEL  ERMITA, MANILA",14.582013,120.982885
132,"UNITS 801-816 & 8A, 8/F,DE LEON CTR,1151 M.H. DEL  ERMITA, MANILA",14.582013,120.982885
133,"B1 L5, VICTORIA SPRINGVILLE HTS, PH5, MOLINO, BACOOR CITY, CAVITE",14.388585,120.983064
134,"GF&GF-U-4, ALPHA GRANDVIEW COND 1716 MH DEL PILAR MALATE, MANILA",14.571429,120.983385
135,"3F ENRIQUETA BLDG, 1675-77 A. MABINI MALATE, MANILA",14.572081,120.983644
136,"U307 AND 310 VAREB MANSION 1679 A.MABINI MALATE, MANILA",14.572096,120.983653
137,"UNIT 201 A&B, 2/F, MARBELLA II BLDG, ROXAS BLVD MALATE, MANILA",14.566147,120.984128
138,"5F, FUNCTION RM, MULTIPACIFIC BUS INC BLG, PLAZA S MANILA",14.599512,120.98422
139,B3P2 L2&L3 YOUNG ST MERITVILLE SUBD PULANGLUPA LAS PI?AS,14.472124,120.984314
140,"5F, PARKVIEW PLAZA BLDG, TAFT AVE COR T.M. KALAW S ERMITA, MANILA",14.58407,120.984316
141,RM.901 902 903 L & S BLDG 1414 ROXAS BLVD MANILA,14.56574,120.984459
142,"SEC A&B 14F R MAGSAYSAY CTR 1680 ROXAS BLVD MALATE, MANILA",14.566602,120.984466
143,"9/F, OCEAN BREEZE, CORAL WAY DRIVE, CENTRAL BUSINE PASAY CITY",14.531328,120.984722
144,"1/F, OCEAN BREEZE, CORAL WAY DRIVE, CENTRAL BUSINE PASAY CITY",14.531328,120.984722
145,"UNITS 5A&5B, MA.DANIEL BLDG, 470 SAN ANDRES ST MALATE, MANILA",14.568547,120.984857
146,"4F, MA DANIEL BLG, 470 SN ANDRES COR MH DEL PILAR MALATE, MANILA",14.568547,120.984857
147,"U2A 2F MA DANIEL BLDG 470 SN ANDRES COR DEL PILAR MALATE, MANILA",14.568547,120.984857
148,"3/F, MARBELLA MLA COND., 2071 ROXAS BLVD. MALATE, MANILA",14.565849,120.984871
149,"RCM II 1418 SAN MARCELINO ST ERMITA, MANILA",14.586427,120.985198
150,"2F & 3F, ACACIA PLACE, 1623 J. BOCOBO ST MALATE, MANILA",14.572562,120.9856
151,"U 1, 2, 3, & 4, 888 GATEWAY PLAZA 2126 A MABINI ST ERMITA, MANILA",14.566774,120.985906
152,"2/F, FAIR BUILDING, 2079 MADRE IGNACIA ST MALATE, MANILA",14.567572,120.986479
153,"M1,2,3&4,MALATE CROWN,558 SN ANDRES COR ADRIATICO MALATE, MANILA",14.56885,120.986711
154,"3/F & 4/F FAIR BLG. 2079 MADRE IGNACIA ST.,MALATE MANILA",14.567568,120.986933
155,"GF, 2F & 4F, 2115 MADRE IGNACIA STREET MALATE, MANILA",14.566882,120.986993
156,"4F FLY ACE CORPORATE CENTER 13 CORAL WAY, CENTRAL PASAY CITY",14.531479,120.987658
157,"UNIT 14(PORTION), 6/F, A PLACE BLDG, CORAL WAY, CE PASAY CITY",14.531454,120.98769
158,"8F JEMARSON PLACE BLG 1626 PILAR HIDALGO LIM ST MALATE, MANILA",14.575486,120.98777
159,"12/F, JEMARSONS PLACE, 1626 PILAR HIDALGO LIM ST MALATE, MANILA",14.575486,120.98777
160,"7F JEMARSONS PLCE 1626 P HIDALGO ST MANILA MALATE, MANILA",14.575486,120.98777
161,"9/F, JEMARSON",14.575472,120.987782
162,"1820 LUIS MARIA GURERRO ST MALATE, MANILA",14.572251,120.987849
163,"10F JEMARSONS PLACE #1626 P HIDALGO LIM S MALATE, MANILA",14.575524,120.987879
164,"U601,602&615, ROYAL PLAZA TWIN TWR, 648 REMEDIOS MALATE, MANILA",14.570933,120.987901
165,"U613,ROYAL PLAZA TWIN TWR,648 REMEDIOS ST MALATE, MANILA",14.570933,120.987901
166,"2/F 1517 F AGONCILLO ST ERMITA MANILA ERMITA, MANILA",14.580023,120.987907
167,"G-02&03 ROYAL P TWIN TOWER 648 REMEDIOS & GUERRERO MALATE, MANILA",14.570886,120.987946
168,"S32&33,3F,LEGASPI TWRS 300,ROXAS BLVD COR P OCAMPO MALATE, MANILA",14.559517,120.98796
169,"UNIT NO 714 ROYAL PLAZA TWIN TOWER 648 REMEDIOS ST MALATE, MANILA",14.570914,120.987961
170,"UNIT 604, ROYAL PLAZA TWIN TOWER, 648 REMEDIOS ST MALATE, MANILA",14.570914,120.987961
171,G/F ENRIQUETA BLDG 1675-1677 A.MABINI ST MALATE MANILA,14.563315,120.98799
172,"U17A,3F, LEGASPI TOWERS 300, ROXAS BLVD MALATE, MANILA",14.55947,120.988111
173,"S-311 LEGASPI TOWERS 300, 2600 ROXAS BLVD MALATE, MANILA",14.55947,120.988111
174,"6F(LEFT WING), GHR BLG, 713 REMEDIOS ST MALATE, MANILA",14.571686,120.988416
175,"3F, GHR BLDG, 713 REMEDIOS STREET MALATE, MANILA",14.571686,120.988416
176,"3F, CRYSTAL IEAC BLG, 1381 SAN MARCELINO ST ERMITA, MANILA",14.58001,120.988599
177,"TRANSORIENT MAR II BLDG 1438 AGONCILLO ERMITA, MANILA",14.578813,120.988784
178,"1517 F. AGONCILLO STREET ERMITA, MANILA",14.577596,120.989128
179,"RCM BLDG 1418 SAN MARCELINO STREET ERMITA, MANILA",14.579643,120.989266
180,"RCM BLDG 1418 SAN MARCELINO ST ERMITA, MANILA",14.579643,120.989266
181,RCM BLDG 1418 SAN MARCELINO ERMITA MANILA ,14.579643,120.989266
182,"RCM BLDG 1418 SAN MARCELINO ST ERMITA, MANILA",14.579643,120.989266
183,"RCM BLDG 1418 SAN MARCELINO ST ERMITA, MANILA",14.579643,120.989266
184,"U-D&E(GF),3F AND 5F CRI BLG, 665 PRES. QUIRINO AVE MALATE, MANILA",14.567841,120.989273
185,"5/F,EMI BLG, 1181 LEVERIZA ST COR PRES QUIRINO AVE MALATE, MANILA",14.567736,120.989298
186,"LOADSTAR BLDG 1294 ROMUALDEZ ST PACO, MANILA",14.581929,120.989386
187,"2/F NFWC BLDG 962 ESCODA COR SAN MARCELINO STS. ERMITA, MANILA",14.578253,120.989559
188,"7305 HOLY FAMILY COMPOUND, A. BONIFACIO ST SAN DIONISIO, PARA?AQUE",14.493676,120.9897
189,"2F #1417 GEN LUNA ST PACO, MANILA",14.579751,120.989754
190,"GF & 2F, NCCI SDV BLDG 1511 SN MARCELINO ST ERMITA, MANILA",14.577873,120.989758
191,"2ND FLOOR, 815 REMEDIOS STREET MALATE, MANILA",14.572373,120.989848
192,"1ST TO 3RD FLRS., 1853 TAFT AVENUE MALATE, MANILA",14.572731,120.989953
193,"UNITS C (GF) & D (2F), ELW BLDG, 1850 TAFT AVENUE MALATE, MANILA",14.572824,120.990065
194,"2F&3F,FIRST GILMORE BLG,11 RXS BLVD COR STA MONICA PASAY CITY",14.552084,120.990121
195,"UNITS E,F,G&H, 2/F, TOWER C, SUNTRUST ADRIATICO GA MALATE, MANILA",14.564474,120.99027
196,"GF 2F SANKO BLG 1631 SAN MARCELINO ST MALATE, MANILA",14.576681,120.990543
197,"S-GM(GF), D?A FELISA SYJUCO,1872 TAFT COR REMEDIOS MALATE, MANILA",14.572794,120.990751
198,"SUITE E, DO?A FELISA SYJUCO BLG, REMEDIOS COR TAFT MALATE, MANILA",14.572805,120.99076
199,"7/F, MARC BLDG, 1971 TAFT AVENUE MALATE, MANILA",14.570776,120.990903
200,"15/F AND UNITS 14A-1 & 14C (14F), MARC 2000 1973 T MALATE, MANILA",14.570515,120.991087
201,18/F MARC 2000 TOWER 1973 TAFT COR SAN ANDRES MANILA,14.570515,120.991087
202,"17F MARC 2000 BLDG, 1971 TAFT AVE COR PRES. QUIRIN MALATE, MANILA",14.57032,120.991262
203,"REMEDIOS TOWER, 1971 LEON GUINTO STREET MALATE, MANILA",14.573021,120.991305
204,"G/F (RECEPTION AREA)& 12/F 1965 LEON GUINTO STREET MALATE, MANILA",14.571843,120.991351
205,"12/F, IMET BPO, METROBANK AVENUE, METRO PARK PASAY CITY",14.540549,120.991359
206,"2F,3F & 4F, SWMC BLDG 124-126 SINCIEGO ST PASAY CITY",14.556915,120.991428
207,"SEC E,11/F RAMON MAGSAYSAY CTR 1680 ROXAS BLVD MALATE, MANILA",14.570199,120.991585
208,"SEC A, B, C , D & F (9/F) AND SEC A (14/F) RAMON MALATE, MANILA",14.570199,120.991585
209,"GF 2F 5F 6F 8F 9F & 10F BSM HOUSE 1965 L GUINTO ST MALATE, MANILA",14.571876,120.991602
210,"2159A&B TAFT BUSINESS CTR TAFT AVE MALATE, MANILA",14.569428,120.991728
211,"MEZZANINE FLOOR, SEA TOWER BLDG, ROXAS BLVD. COR. PASAY CITY",14.545813,120.991742
212,"U1001-1004,ASEANA 2 BLG, BRADCO AVE, ASEANA CITY PARA?AQUE",14.529006,120.991768
213,"GF,6F,8F&9F, ASEANA 2 BLG, BRADCO AVE ASEANA CITY PARA?AQUE",14.529006,120.991768
214,"UNIT 3, 8/F, ASEANA ONE, BRADCO AVENUE, ASEANA CIT PARA?AQUE",14.529006,120.991768
215,"GF,6F,8F&9F, ASEANA 2 BLG, BRADCO AVE, ASEANA CITY PARA?AQUE",14.529006,120.991768
216,"GF,6F,8/F&9F, ASEANA 2 BLG BRADCO AVE, ASEANA CITY PARA?AQUE",14.529006,120.991768
217,"G & 2F MBTC BLDG 900 QUIRINO AVE COR LEON GUINTO MALATE, MANILA",14.570711,120.991981
218,"915 PRES.QUIRINO AVE COR LEON GUINTO ST MALATE, MANILA",14.571652,120.992334
219,"U-4002-4007, 4F, ASEANA 2, BRADCO AVE, ASEANA CITY PARA?AQUE",14.529299,120.992437
220,"2ND & 3RD FLOORS, THE GREGORIAN BLDG 2178 TAFT AVE MANILA",14.568749,120.992606
221,"5F & 6F, THE GREGORIAN BLG, 2178 TAFT AVE MALATE, MANILA",14.568749,120.992606
222,"3/F & 4/F NAESS HOUSE 2215 L.GUINTO MALATE, MANILA",14.568908,120.992975
223,"G/F AND 2/F, NAESS HOUSE 2215 L.GUINTO ST MALATE M MALATE, MANILA",14.568908,120.992975
224,"4/F NAESS HOUSE 2215 LEON GUINTO ST MALATE, MANILA",14.568908,120.992975
225,"U102 1F MARLOW BLDG 2120 LEON GUINTO ST MALATE, MANILA",14.570169,120.993191
226,"MARLOW BLDG. 2120 LEON GUINTO ST. MALATE, MANILA",14.570169,120.993191
227,"U-207A-B, SHERWOOD PLCE COMML CTR 2264 TAFT AVE MALATE, MANILA",14.567674,120.993323
228,"2019 SAN MARCELINO STREET MALATE, MANILA",14.571688,120.993339
229,"GF, 925-C ARAGON COR LEON GUINTO STS MALATE, MANILA",14.569715,120.993413
230,"2F, MJ BLDG, 2014 SAN MARCELINO ST MALATE, MANILA",14.571949,120.993525
231,"4F, 5F & 6F, ATLANTIS BEACON TOWER, 2315 L. GUINT MALATE, MANILA",14.567577,120.993704
232,"UNIT B (GF & 2F), 2296 LEON GUINTO ST MALATE, MANILA",14.568063,120.993838
233,"2440-D, 2F PALM COURT ST COR F B HARRISON ST PASAY CITY",14.545328,120.994389
234,"1977-A1 A LINAO ST MALATE, MANILA",14.572913,120.995227
235,"1977 A.LINAO STREET MALATE, MANILA",14.572913,120.995227
236,"GF, 2F & 4/F, 1802 J.NAKPIL COR SN MARCELINO STS MALATE, MANILA",14.574968,120.995342
237,"UNIT N, VIOLETA COURT, 2814 FB HARRISON ST. PASAY CITY",14.538514,120.995705
238,"2ND FLOOR, UNIT A, CARATLAND BLDG, 1941 TAFT AVENU PASAY CITY",14.556777,120.996387
239,"UNIT D JADE VILLA II, 556 QUIRINO AVE TAMBO, PARA?AQUE",14.520038,120.996413
240,"784-A, QUIRINO AVENUE, BRGY. TAMBO PARA?AQUE",14.518792,120.996448
241,"RS314,TAFT CENT EXCHANGE MALL, TAFT COR GIL PUYAT PASAY CITY",14.553475,120.996998
242,"UNITS 5&6, 1049 C. AYALA ST COR ARELLANO AVE MALATE, MANILA",14.565503,120.998081
243,"*3/F BARKO BLDG 1014 PABLO OCAMPO ST MALATE, MANILA",14.564016,120.998413
244,"215,216&217 2F SKYFREIGHT BLDG NINOY AQUINO AVENUE PARA?AQUE",14.502679,120.998753
245,STALL 15 4F WELLCOME PLAZA 2410-2432 TAFT LIBERTAD PASAY CITY,14.546644,120.998925
246,"GF PAMCOR BLG, PASCOR DRIVE, BGY STO. NI?O, PARA?AQUE",14.510687,120.99906
247,"U301-303 3F KRISAMBET BLG 1015 ZOBEL ROXAS ST. MALATE, MANILA",14.562265,120.999209
248,"GF (RW),2F & 3F, 4723 ARELLANO COR ZOBEL ROXAS STS PALANAN, MAKATI",14.56195,120.999271
249,"G/F, NO. 4598 J. DELA CRUZ COR CASINO STREETS PALANAN, MAKATI",14.560258,120.99928
250,"3/F F&C BLDG. 2110 GIL PUYAT AVE., PASAY CITY",14.554374,120.999491
251,"2/F 1751 DIAN ST. PALANAN, MAKATI",14.566754,120.999566
252,"UNITS 1001, 1002 & 1017, ESPA?A TOWER, ESPA?A BLVD SAMPALOC, MANILA",14.617,120.999878
253,"1120-I, MENDIOLA EXTENSION PACO, MANILA",14.591831,120.999977
254,"4TH FLOOR, 2284 ESPA?A STREET SAMPALOC, MANILA",14.616959,121.00119
255,"CS-6&7 3F HARISSON MANSION, 2360 FB HARISSON ST PASAY CITY",14.537752,121.001379
256,"3681 RTJ BLDG BAUTISTA ST PALANAN MKTI CITY PALANAN, MAKATI",14.558309,121.001431
257,"2F & 3F, BLOCK 1 LOT 8 ROYAL SQUARE, PROTACIO ST C PASAY CITY",14.542677,121.001489
258,"3/F VJ AVENA & SONS BLDG. 2284 ESPANA SAMPALOC, MANILA",14.617249,121.001493
259,"ROOM 304 FSE BLG 3671-73 BAUSTISTA ST COR DAYAP ST PALANAN, MAKATI",14.557382,121.001741
260,"2/F&3/F,DOHLE HAUS MANILA,30-38 SEN GIL PUYAT AVE SAN ISIDRO, MAKATI",14.55537,121.002366
261,"SUITE A,4F, DOHLE HAUS MLA, 30-38 SEN GIL PUYAT AV SAN ISIDRO, MAKATI",14.555401,121.002465
262,"GF &2F, SCANDIC PALACE, 4291 EMILIA STREET PALANAN, MAKATI",14.556384,121.003091
263,"UNITS 904, 905 & 906, 9F, SCANDIC PLACE COND, 4291 PALANAN, MAKATI",14.556384,121.003091
264,"U-404,405,406,&903 (GF), SCANDIC PALACE,4291 EMILI PALANAN, MAKATI",14.556384,121.003091
265,"3/F, 1753 BUILDING, 1753 DIAN STREET PALANAN, MAKATI",14.559121,121.003267
266,"4TH FLOOR, 1751 DIAN ST PALANAN, MAKATI",14.559136,121.00334
267,"5/F, 1751 BLDG, 1751 DIAN STREET PALANAN, MAKATI",14.559136,121.00334
268,"1747 (2F-4F),1749 (GF), 1751 (4F & 6F-PORTION) AND PALANAN, MAKATI",14.559531,121.003405
269,"4TH FLOOR (PORTION), 7TH FLR 2053 BUILDING EDISON  SAN ISIDRO, MAKATI",14.553717,121.003487
270,"7/F (PORTION), 2053 EDISON STREET SAN ISIDRO, MAKATI",14.553638,121.003505
271,"M/F & 2/F, CONCEPCION BLDG, 1729 DIAN STREET PALANAN, MAKATI",14.557135,121.003684
272,"M/F, 2/F & 6/F, 2053 BUILDING EDISON ST. SAN ISIDRO, MAKATI",14.552849,121.004265
273,"3306-B MATANZAS ST BRGY PALANAN, MAKATI",14.55845,121.004784
274,"1582 COPERNICO ST., SAN ISIDRO, MAKATI",14.554367,121.00491
275,"2/F PAROLA HOUSE 1582 COPERNICO ST MAKATI CITY SAN ISIDRO, MAKATI",14.553056,121.005185
276,"2F & 5C, 93 SAYOC BLG., 93 SEN. GIL PUYAT MAKATI",14.557712,121.006919
277,"3 MASCARDO ST.BGY.SINGKAMAS, L A PAZ VILLAGE MAKATI",14.571544,121.008896
278,"GF&2F 3912 LUBECA HSE MACABULOS ST BANGKAL, MAKATI",14.545705,121.009527
279,"RMS. 203 & 204, CITYLAND DELA ROSE COND, 7648 DELA PIO DEL PILAR, MAKATI",14.557659,121.009706
280,"NO.7902 LAWAAN SAN ANTONIO VILL SAN ANTONIO VILLAGE, MAKATI",14.565188,121.010819
281,UNIT 1104 PRYCE CENTER BLDG. 1179 CHINO ROCES AVE. MAKATI,14.562393,121.010985
282,"6/F ,PRYCE CENTER, 1179 CHINO ROCES AVE COR BAGTIK MAKATI",14.562393,121.010985
283,"UNIT 4-A,4F, MJL BLDG, 1175 CHINO ROCES AVE MAKATI",14.563002,121.011184
284,"8F & U601,6F, PRYCE CTR,1179 C.ROCES COR BAGTIKAN MAKATI",14.562351,121.011207
285,"512 GEN HIZON COR. CAPT M. REYES STS. BANGKAL, MAKATI",14.542775,121.011222
286,2ND FLR 1526 P. SANTOS ST COR EDSA MAKATI,14.539355,121.011516
287,"NORTHPOINT CORP TWR, 7502 BAGTIKAN COR GUIJO STS SAN ANTONIO VILLAGE, MAKATI",14.562829,121.011627
288,"311,314,315&316,AURO-VIR, EVANGELISTA COR LACUNA BANGKAL, MAKATI",14.543246,121.012044
289,"3F FIRST MRITIME PLACE 7458-7460 BAGTIKAN ST SAN ANTONIO VILLAGE, MAKATI",14.563132,121.012138
290,"U-3 METROPOLITAN TOWNHOMES, 1055 METROPOLITAN AVE MAKATI",14.565889,121.013441
291,"G7, J&T BLG 3894 RAMON MAGSAYSAY BLVD STA. MESA, MANILA",14.602153,121.013489
292,"UNIT SF-201, 2/F, SKYLAND PLAZA COND, 2302 SEN GIL MAKATI",14.561235,121.01388
293,"16/F & 17/F, PHIL. AXA LIFE CENTRE COND CORP, 1286 MAKATI",14.561421,121.014247
294,"FIRST MRITIME PLACE 7458-7460 BAGTIKAN ST. SAN ANTONIO VILLAGE, MAKATI",14.563853,121.014471
295,GF FIRST MARITIME PLACE 7458 BAGTIKAN SAN ANTONIO MAKATI,14.563853,121.014471
296,"2593 A. BONIFACIO ST BANGKAL, MAKATI",14.541323,121.014694
297,GF(RIGHT WING)ROYAL ENT.BLG 2227 CHINO ROCES AVE. MAKATI,14.547372,121.015181
298,GF(LEFT WING) ROYAL ENT.BLG 2227 CHINO ROCES AVE. MAKATI,14.547372,121.015181
299,"GF,2F&3F BLOOMINGDALE BLG 205 SALCEDO ST LEGASPI VILLAGE, MAKATI",14.555897,121.015403
300,"3/F (PORTION), BLOOMINGDALE BLG, 205 SALCEDO ST LEGASPI VILLAGE, MAKATI",14.555897,121.015403
301,RECRAA BLDG VITALEZ COMPOUND SUCAT PARA#AQUE M.M. ,14.466367,121.015441
302,"2/F & 3/F PHILCOX BLDG 172 SALCEDO STREET LEGASPI VILLAGE, MAKATI",14.557555,121.015507
303,"2/F & 6/F (RIGHT WING), KALAYAAN BLDG. DELA ROSA C LEGASPI VILLAGE, MAKATI",14.558578,121.015726
304,RECRAA BLDG VITALEZ COMPOUND SUCAT PARA?AQUE,14.466938,121.016001
305,"RM 609, 6F, CATTLEYA BLG, 235 SALCEDO ST. LEGASPI VILLAGE, MAKATI",14.552401,121.016015
306,"24 DBP AVENUE, DBP VILLAGE, ALMANZA II LAS PI?AS",14.4276,121.016908
307,"2ND AND 3RD FLOORS, ELECTRA HOUSE, 115-117 ESTEBAN LEGASPI VILLAGE, MAKATI",14.556437,121.017064
308,"2/F, EXCHANGE CORNER BUILDING, 107 V.A. RUFINO STR LEGASPI VILLAGE, MAKATI",14.556276,121.017073
309,"3/F COHERCO CORPORATE CTR 116 V A RUFINO ST LEGASPI VILLAGE, MAKATI",14.555646,121.017141
310,"611 CITYLND COND10 TWR1,6815 AYALA& HV DELA COSTA SALCEDO VILLAGE, MAKATI",14.560557,121.017237
311,"2ND FLOOR UNIVERSAL LMS BUILDING 106 ESTEBAN ST LEGASPI VILLAGE, MAKATI",14.556835,121.017256
312,"3/F, UNIVERSAL LMS BLDG, 106 ESTEBAN STREET LEGASPI VILLAGE, MAKATI",14.556821,121.017345
313,"UNITS 802 (8F) AND 902 (PORTION), SAGE HOUSE COND LEGASPI VILLAGE, MAKATI",14.556071,121.017458
314,"1101 11F SAGE HSE 110 RUFINO ST LEGASPI VILLAGE, MAKATI",14.556039,121.017607
315,"GF,2F(BACK PORTION),3F,4F&5F, SEABORNE BLG, 4203 STA. MESA, MANILA",14.597632,121.017609
316,"6/F FELIZA BUILDING 108 V A RUFINO STREET LEGASPI VILLAGE, MAKATI",14.55637,121.017831
317,"6F FELISA BLDG., 108 RUFINO STREET LEGASPI VILLAGE, MAKATI",14.55637,121.017831
318,"7TH FLOOR, THE SALCEDO TOWERS, 169 H.V. DELA COSTA SALCEDO VILLAGE, MAKATI",14.561067,121.017993
319,"A-D,39F RUFINO PACIFIC TWR,6784 AYALA COR VA RUF SALCEDO VILLAGE, MAKATI",14.558049,121.018234
320,"6/F & 7/F, RUFINO TOWER, 6784 AYALA AVE COR V.A LEGASPI VILLAGE, MAKATI",14.558049,121.018234
321,2868 LAMAYAN ST. STA. ANA MANILA ,14.583976,121.01826
322,"S301,302,303,304&306, 3F, MILANDRE CTR, 982 QUEZON QUEZON CITY",14.63224,121.019053
323,UNIT 4 A 4F OPL BLDG 100 C PALANCA ST LEGASPI VILL MAKATI,14.555865,121.019606
324,"UNIT 22B, CHATHAM HOUSE COND, 116 VALERO ST COR RU SALCEDO VILLAGE, MAKATI",14.559607,121.019619
325,"9F SDT TWR 104 PASEO DE RXS COR PEREA LEGASPI VILL MAKATI, MAKATI",14.554817,121.020284
326,"U-GF-193, SALUSTIANA D.TY TWR, 104 PASEO DE ROXAS LEGASPI VILLAGE, MAKATI",14.554817,121.020284
327,"UNIT-A, 11F AND UNIT B (RW),5F VERNIDA IV BLG,128  SALCEDO VILLAGE, MAKATI",14.559019,121.021549
328,"UNITS 201, 301 & 302 CYA LAND&PROPERTIES INC 110 T LEGASPI VILLAGE, MAKATI",14.569558,121.021627
329,"UNITS 502 (5/F), 701 (7/F) & 902 (9/F-PORTION), SA LEGASPI VILLAGE, MAKATI",14.569558,121.021627
330,"UNITS 702 (7/F) AND 902 (9/F-PORTION), SAGE HOUSE  LEGASPI VILLAGE, MAKATI",14.569558,121.021627
331,"GF,2F & 3F (BACK PORTION), PRINCESS BLG 104 ESTEBA LEGASPI VILLAGE, MAKATI",14.569558,121.021627
332,"2/F PLANTERS PRODUCTS BLDG 109 ESTEBAN ST LEGASPI VILLAGE, MAKATI",14.570218,121.021865
333,"S301-B, 3/F, ITC BLDG, 337 SEN GIL PUYAT AVENUE MAKATI",14.562432,121.023095
334,"4F, G & A BLDG, 2303 DON CHINO ROCES AVE EXT MAKATI",14.533753,121.023111
335,"UNIT 1193, LYRA BUILDING, 1191 QUEZON AVENUE QUEZON CITY",14.63564,121.023144
336,"RMS 201 & 204 ITC BLDG, 337 GIL PUYAT AVENUE MAKATI",14.562607,121.023147
337,"UNITS 1901 & 1906,19F AND 14/F (PORTION) PEARLBANK SALCEDO VILLAGE, MAKATI",14.558782,121.02324
338,"IV-B,UNIOIL CTR BLG, ACACIA AVE,MADRIGAL BUS PARK AYALA ALABANG, MUNTINLUPA",14.423715,121.023618
339,"U-B, PASEO VIEW,16F, LEPANTO BLG, 8747PASEODEROXAS MAKATI",14.557998,121.02408
340,"UNIT B, 4F, LEPANTO BLDG, 8747 PASEO DE ROXAS MAKATI",14.558257,121.024267
341,"4F, UNITS A & B (LW), 5/F AND 11/F (PORTION), VERN SALCEDO VILLAGE, MAKATI",14.554729,121.024445
342,"GF AND UNITS 2B & 201, 2/F WOODLAND PARK COND.3906 MAKATI",14.554729,121.024445
343,RMS 305 & 307 RAMAN CONDO 1130 P. TAMO MAKATI,14.554729,121.024445
344,"7F, V-CORPORATE CENTER, 125 L.P. LEVISTE ST SALCEDO VILLAGE, MAKATI",14.560148,121.024688
345,"UNITS 1&4, 6F, V-CORPORATE CTR, 125 L.P.LEVISTE ST SALCEDO VILLAGE, MAKATI",14.560325,121.024775
346,"UNIT B 14F SAGUITARRIUS BLG H V DELA COSTA STREET SALCEDO VILLAGE, MAKATI",14.561011,121.025522
347,"14/F UNIT B SAGITTARIUS BLDG HV DELA COSTA SALCEDO VILLAGE, MAKATI",14.561015,121.025581
348,38TH & 39TH FLOORS PETRO MEGA PLAZA 358 SEN GIL PU MAKATI,14.561801,121.025725
349,"UNITS 1&2,21F BDO PLAZA 8737 PASEO DE ROXAS MAKATI",14.558642,121.025784
350,"U1001, COMMON GOAL TWR, FINANCE ST, ALABANG MUNTINLUPA CPO, MUNTINLUPA",14.425975,121.025984
351,"U1002 10F COMMON GOAL TOWER, FINANCE COR INDUSTRY  MUNTINLUPA CITY, MUNTINLUPA",14.425933,121.026074
352,"5/F, NEW SOLID BLDG, 357 SEN GIL PUYAT AVENUE MAKATI",14.562278,121.02608
353,"S207-209, GREEN WORLD PLAZA, 79 PRES AVE, TEOVILLE BF HOMES, PARA?AQUE",14.452882,121.030184
354,"GF GOODWILL BLG #393 SEN GIL PUYAT AVE. MAKATI, MAKATI",14.558193,121.032658
355,"U-5 A&B,3F RJTC CTR, 12 FIRST ST, NEW MANILA QUEZON CITY",14.612619,121.034508
356,"3F HR BLG., 43 MINDANAO AVENUE QUEZON CITY",14.658907,121.03589
357,"2649 MOLAVE ST,UNITED HILLS VILL PARA?AQUE",14.502263,121.038406
358,"40 FAITH STREET, PROJECT 6, QUEZON CITY",14.665746,121.039181
359,"U1005 & 1006 10F PARAGON PLAZA EDSA, MANDALUYONG ",14.576268,121.039246
360,U2 CHINA BANK BLG 14 ORTIGAS AVE WEST GREENHILLS SAN JUAN,14.604952,121.042138
361,"R214,215,217&218 AND BASEMENT11&12, DONA ANITA BLG E. RODRIGUEZ, QUEZON CITY",14.676041,121.0437
362,26TH FLR FORT LEGEND TOWERS 3RD AVE COR 31ST ST TAGUIG,14.554026,121.046853
363,"UNIT 8E, ICON PLAZA, 25TH STREET, BGC FORT BONIFAC TAGUIG",14.547864,121.047905
364,"M101& PORTIONS GF,2F&3F, EASTGATE CTR,169 EDSA MANDALUYONG",14.576262,121.049738
365,GF(PORTION) &2F EASTGATE CENTRE NO 169 EDSA MANDALUYONG,14.576262,121.049738
366,ARL BLDG GLORIA 111 CASANOVA DRIVE T.SORA Q.C. ,14.667368,121.052489
367,U2204 ATLANTA CTR COND 31 ANNAPOLIS ST GREENHILLS SAN JUAN,14.604674,121.053326
368,"UNIT33 & 35 COLUMBIA TOWER,ORTIGAS AVENUE MANDALUYONG",14.594445,121.055994
369,"RM.101- A, GF, DOLMAR BLG, 56 EDSA MANDALUYONG",14.590527,121.05729
370,"UNITS 9-A, 9-B & 9-C, BELVEDERE TOWER COND, 15 SAN PASIG CITY",14.579526,121.058819
371,ORTIGAS AVE COR EDSA MANDALUYONG CITY ,14.5929,121.058951
372,"U903, ONE SAN MIGUEL BLDG, SAN MIGUEL AVE COR. SHA PASIG CITY",14.580768,121.059177
373,"U- 6G,PEARL PLAZA BLG,PEARL DRIVE,BRY SAN ANTONIO ORTIGAS, PASIG CITY",14.579583,121.059352
374,"UNIT 404,PRESTIGE TWR DON FRANCISCO ORTIGAS JR.RD. ORTIGAS, PASIG CITY",14.583771,121.059675
375,"U1410 ROBINSON EQUITABLE TWR 14 ORTGS AVE ORTIGAS, PASIG CITY",14.589622,121.05996
376,"RMS 501-505, AIC BURGANDY EMPIRE TOWER, ADB AVE CO ORTIGAS, PASIG CITY",14.589625,121.060972
377,"RM 703, EMERALD BLDG, DON FRANCISCO ORTIGAS, JR RD PASIG CITY",14.585582,121.061414
378,17A STRATA2000 BLG. EMERALD AVE.ORTIGAS CTR PASIG CITY,14.58706,121.062085
379,"1810 PRESTIGE TOWER EMERALD AVE ORTIGAS CTR ORTIGAS, PASIG CITY",14.585707,121.062159
380,"17F RAFFLES BLG., EMERALD AVE., ORTIGAS CTR, PASIG ORTIGAS, PASIG CITY",14.586256,121.062329
381,"UNITS 101, 102 & 103, G/F, RIMA IV BLDG, 161 PASIG PASIG CITY",14.567309,121.066297
382,"2F BPI BLDG. GEN MAXILOM AVE EXTN NORTH RECLAMATIO CEBU CITY, CEBU",10.310246,123.894733
383,F. RAMOS ST. CEBU CITY  ,10.307006,123.896535
384,"#38 GORORDO AVENUE CEBU CITY, CEBU",10.313675,123.902289
385,"RM 311, 3F, LDM BLDG, M J CUENCO AVE COR LEGASPI S CEBU CITY, CEBU",10.294263,123.904342
386,"G/F, GMC PLAZA BLDG., M.J. CUENCO AVE COR. LEGASPI CEBU",10.294429,123.905657
387,"6/F, SKYRISE 1, I.T. BLDG, CEBU I.T. PARK, BRGY. A CEBU",10.3316,123.90765
388,"U- 802 & 803, 8F, CEBU HOLDINGS BLDG., CEBU BUSINE CEBU CITY, CEBU",10.317587,123.907864
389,"UNIT 1405, 14/F, KEPPEL CENTER, SAMAR LOOP COR CAR CEBU CITY, CEBU",10.318254,123.908467
390,"2F, NEW STAR CENTER A.S. FORTUNA ST BAKILID MANDAUE CITY, CEBU",10.333902,123.93424
391,"GF, BF PAJO BLG, M.L. QUEZON, BRY PAJO, LAPU-LAPU CEBU",10.314567,123.959488
392,"4TH FLOOR, ACC BLDG, SANDAWA PARK, QUIMPO BLVD, MA N.S.",7.051785,125.590058
393,"2F DCPI BLDG LAKANDULA ST COR DACUDAO AVE AGDAO DAVAO CITY, DAVAO DEL SUR",7.083571,125.623781
